[{"name": "Onetwothreeip", "count": 83}, {"name": "MelanieN", "count": 121}, {"name": "Mandruss", "count": 589}, {"name": "Alexceltare2", "count": 1}, {"name": "1990'sguy", "count": 1}, {"name": "ValarianB", "count": 4}, {"name": "NaBUru38", "count": 1}, {"name": "Ivanvector", "count": 5}, {"name": "Alvin", "count": 0}, {"name": "Politicsfan4", "count": 18}, {"name": "Space4Time3Continuum2x", "count": 448}, {"name": "Boneyard90", "count": 1}, {"name": "Kieran207", "count": 0}, {"name": "GoodDay", "count": 6}, {"name": "Slatersteven", "count": 6}, {"name": "Chaheel", "count": 0}, {"name": "Chaheel Riens", "count": 4}, {"name": "Jack", "count": 0}, {"name": "Jack Upland", "count": 74}, {"name": "Starship.paint", "count": 279}, {"name": "Davey2116", "count": 3}, {"name": "SPECIFICO", "count": 120}, {"name": "Ceedub88", "count": 4}, {"name": "Ainlina", "count": 1}, {"name": "Bdushaw", "count": 114}, {"name": "AleatoryPonderings", "count": 23}, {"name": "Ciaran.london", "count": 2}, {"name": "Czello", "count": 6}, {"name": "Escape", "count": 0}, {"name": "Escape Orbit", "count": 1}, {"name": "Jeromi", "count": 0}, {"name": "DanJWilde", "count": 0}, {"name": "Soibangla", "count": 72}, {"name": "GorillaWarfare", "count": 24}, {"name": "Tobby72", "count": 30}, {"name": "Sa57arc", "count": 1}, {"name": "LeftiePete", "count": 6}, {"name": "Pennsylvania2", "count": 5}, {"name": "Thorpewilliam", "count": 10}, {"name": "Thanoscar21", "count": 17}, {"name": "Mgasparin", "count": 12}, {"name": "UltraBee", "count": 3}, {"name": "Bergeronpp", "count": 6}, {"name": "Ɱ", "count": 7}, {"name": "PackMecEng", "count": 16}, {"name": "Muboshgu", "count": 6}, {"name": "Jeppiz", "count": 1}, {"name": "Catholic", "count": 0}, {"name": "力", "count": 3}, {"name": "Lafayette", "count": 0}, {"name": "Lafayette Baguette", "count": 3}, {"name": "DannyS712", "count": 8}, {"name": "Emir of Wikipedia", "count": 70}, {"name": "Michaelwuzthere", "count": 0}, {"name": "Alcaios", "count": 4}, {"name": "UpdateNerd", "count": 28}, {"name": "KingSkyLord", "count": 1}, {"name": "JLo-Watson", "count": 20}, {"name": "Drdpw", "count": 1}, {"name": "Dash77", "count": 1}, {"name": "Tenebrae", "count": 1}, {"name": "MFlet1", "count": 1}, {"name": "842U", "count": 2}, {"name": "LXM", "count": 0}, {"name": "Zingarese", "count": 8}, {"name": "Neutrality", "count": 113}, {"name": "AjayTO", "count": 1}, {"name": "Jr8825", "count": 18}, {"name": "Objective3000", "count": 7}, {"name": "Helterclark", "count": 0}, {"name": "Thent1234", "count": 1}, {"name": "Rock-O-Jello", "count": 0}, {"name": "Jkerrigan8", "count": 0}, {"name": "implying", "count": 0}, {"name": "WEBDuB", "count": 4}, {"name": "Ka-Ping", "count": 0}, {"name": "Srodgers1701", "count": 0}, {"name": "Neveselbert", "count": 4}, {"name": "Grassynoel", "count": 0}, {"name": "Hoponpop69", "count": 0}, {"name": "Buufin", "count": 1}, {"name": "Adam9007", "count": 2}, {"name": "NewEnglandPatriots1998", "count": 1}, {"name": "Rosenborg", "count": 0}, {"name": "Spartan7W", "count": 1}, {"name": "Samwalton9", "count": 1}, {"name": "Wikibenboy94", "count": 1}, {"name": "Almostangelic123", "count": 0}, {"name": "Vanamonde93", "count": 1}, {"name": "Onghai1929", "count": 1}, {"name": "Carewser", "count": 1}, {"name": "Praxidicae", "count": 2}, {"name": "AbelAndCain", "count": 2}, {"name": "Humanengr", "count": 6}, {"name": "Radiohist", "count": 1}, {"name": "SNUGGUMS", "count": 9}, {"name": "MONGO", "count": 6}, {"name": "Gerald", "count": 0}, {"name": "NPalgan2", "count": 2}, {"name": "Scjessey", "count": 20}, {"name": "Sergei", "count": 0}, {"name": "PickleG13", "count": 1}, {"name": "HaeB", "count": 5}, {"name": "Pompous", "count": 0}, {"name": "Jason", "count": 0}, {"name": "Feoffer", "count": 5}, {"name": "Donkey", "count": 0}, {"name": "Wikieditor19920", "count": 8}, {"name": "ANG99", "count": 1}, {"name": "Emir", "count": 0}, {"name": "Kvwiki1234", "count": 2}, {"name": "Dr.", "count": 0}, {"name": "TheEpicGhosty", "count": 8}, {"name": "Dhruvh", "count": 0}, {"name": "Personisgaming", "count": 0}, {"name": "Cullen328", "count": 1}, {"name": "Devonian", "count": 0}, {"name": "Coffeeandcrumbs", "count": 8}, {"name": "Cartoon", "count": 0}, {"name": "Jdcomix", "count": 1}, {"name": "TedEdwards", "count": 1}, {"name": "Tartan357", "count": 8}, {"name": "Awesome Aasim", "count": 4}, {"name": "Sdkb", "count": 38}, {"name": "Larry Hockett", "count": 1}, {"name": "NelsonLee20042020", "count": 0}, {"name": "Benjamin.P.L", "count": 4}, {"name": "William", "count": 0}, {"name": "William S. Saturn", "count": 2}, {"name": "Francesco 13", "count": 1}, {"name": "Francesco", "count": 0}, {"name": "Popcornfud", "count": 5}, {"name": "Zzuuzz", "count": 1}, {"name": "KingOpti101", "count": 1}, {"name": "DSbxgMMA", "count": 1}, {"name": "Koreanovsky", "count": 2}, {"name": "Keepcalmandchill", "count": 1}, {"name": "TheGEICOgecko", "count": 5}, {"name": "Display", "count": 0}, {"name": "QQJJ", "count": 2}, {"name": "Supreme", "count": 0}, {"name": "Supreme Deliciousness", "count": 2}, {"name": "Tristan", "count": 0}, {"name": "Tristan Surtel", "count": 6}, {"name": "MrX", "count": 86}, {"name": "Brogo13", "count": 40}, {"name": "BLDM", "count": 2}, {"name": "Angus1986", "count": 0}, {"name": "JFG", "count": 86}, {"name": "LilBillWilliams", "count": 0}, {"name": "Fluffy89502", "count": 1}, {"name": "CatcherStorm", "count": 0}, {"name": "Beyond", "count": 0}, {"name": "BlacknoseDace", "count": 2}, {"name": "NapoleonX", "count": 1}, {"name": "פֿינצטערניש", "count": 3}, {"name": "Davefelmer", "count": 3}, {"name": "Hairy", "count": 0}, {"name": "BagInACampfire", "count": 0}, {"name": "X4n6", "count": 4}, {"name": "The", "count": 0}, {"name": "American", "count": 0}, {"name": "American In Brazil", "count": 2}, {"name": "Hipocrite", "count": 1}, {"name": "Factfanatic1", "count": 1}, {"name": "Markbassett", "count": 31}, {"name": "Mr Ernie", "count": 2}, {"name": "Tktru", "count": 1}, {"name": "CookieMonster755", "count": 1}, {"name": "Ibn", "count": 0}, {"name": "JzG", "count": 5}, {"name": "MyPreferredUsernameWasTaken", "count": 13}, {"name": "Lindenfall", "count": 3}, {"name": "Calidum", "count": 1}, {"name": "Trappist the monk", "count": 1}, {"name": "Thomasmeeks", "count": 1}, {"name": "Bzweebl:", "count": 0}, {"name": "Speed74", "count": 1}, {"name": "Lethweimaster", "count": 1}, {"name": "Urgal", "count": 11}, {"name": "JerzyA", "count": 1}, {"name": "EsotericJoe", "count": 1}, {"name": "SK2242", "count": 1}, {"name": "JHunterJ:", "count": 0}, {"name": "Cesdeva", "count": 1}, {"name": "Nightscream", "count": 6}, {"name": "Mareisland03", "count": 1}, {"name": "Iamreallygoodatcheckers", "count": 12}, {"name": "Kolya", "count": 0}, {"name": "Verdana", "count": 0}, {"name": "DaveTheBrave", "count": 1}, {"name": "Starzoner", "count": 6}, {"name": "RandomUserGuy1738", "count": 3}, {"name": "Bastun", "count": 2}, {"name": "EditQwerty", "count": 4}, {"name": "Purplebackpack89", "count": 4}, {"name": "Wow", "count": 1}, {"name": "J.S.", "count": 0}, {"name": "Yeungkahchun", "count": 4}, {"name": "Boing! said Zebedee", "count": 1}, {"name": "Bakir123", "count": 1}, {"name": "John", "count": 0}, {"name": "X1\\", "count": 8}, {"name": "Lorromorro", "count": 1}, {"name": "J4lambert", "count": 1}, {"name": "Llewee", "count": 0}, {"name": "Nannochloropsis", "count": 1}, {"name": "Tpdwkouaa", "count": 1}, {"name": "Spy-cicle", "count": 2}, {"name": "Galobtter", "count": 1}, {"name": "ZiplineWhy:", "count": 0}, {"name": "Wrath", "count": 0}, {"name": "Scribatorian", "count": 7}, {"name": "НСНУ:", "count": 0}, {"name": "SUM1", "count": 4}, {"name": "Matt", "count": 0}, {"name": "Ergo", "count": 0}, {"name": "Valjean", "count": 8}, {"name": "ZimZalaBim", "count": 2}, {"name": "Cpotisch", "count": 4}, {"name": "Rosguill", "count": 2}, {"name": "Davidwr", "count": 2}, {"name": "Mandruss:", "count": 0}, {"name": "Malerooster", "count": 5}, {"name": "Reaganomics88", "count": 1}, {"name": "Eyer", "count": 4}, {"name": "Rusf10", "count": 1}, {"name": "Tataral", "count": 9}, {"name": "Quisqualis", "count": 1}, {"name": "Beland", "count": 1}, {"name": "ATC", "count": 0}, {"name": "Space4Time3Continuum2x:", "count": 0}, {"name": "Adrianwo", "count": 0}, {"name": "Jakesyl", "count": 2}, {"name": "Triggerhippie4", "count": 2}, {"name": "Davidgoodheart", "count": 1}, {"name": "Acekard", "count": 4}, {"name": "Alborzagros", "count": 0}]