{"nodes": [{"name": "Onetwothreeip", "count": 83}, {"name": "MelanieN", "count": 121}, {"name": "Mandruss", "count": 589}, {"name": "Alexceltare2", "count": 1}, {"name": "1990'sguy", "count": 1}, {"name": "ValarianB", "count": 4}, {"name": "NaBUru38", "count": 1}, {"name": "Ivanvector", "count": 5}, {"name": "Alvin", "count": 0}, {"name": "Politicsfan4", "count": 18}, {"name": "Space4Time3Continuum2x", "count": 448}, {"name": "Boneyard90", "count": 1}, {"name": "Kieran207", "count": 0}, {"name": "GoodDay", "count": 6}, {"name": "Slatersteven", "count": 6}, {"name": "Chaheel", "count": 0}, {"name": "Chaheel Riens", "count": 4}, {"name": "Jack", "count": 0}, {"name": "Jack Upland", "count": 74}, {"name": "Starship.paint", "count": 279}, {"name": "Davey2116", "count": 3}, {"name": "SPECIFICO", "count": 120}, {"name": "Ceedub88", "count": 4}, {"name": "Ainlina", "count": 1}, {"name": "Bdushaw", "count": 114}, {"name": "AleatoryPonderings", "count": 23}, {"name": "Ciaran.london", "count": 2}, {"name": "Czello", "count": 6}, {"name": "Escape", "count": 0}, {"name": "Escape Orbit", "count": 1}, {"name": "Jeromi", "count": 0}, {"name": "DanJWilde", "count": 0}, {"name": "Soibangla", "count": 72}, {"name": "GorillaWarfare", "count": 24}, {"name": "Tobby72", "count": 30}, {"name": "Sa57arc", "count": 1}, {"name": "LeftiePete", "count": 6}, {"name": "Pennsylvania2", "count": 5}, {"name": "Thorpewilliam", "count": 10}, {"name": "Thanoscar21", "count": 17}, {"name": "Mgasparin", "count": 12}, {"name": "UltraBee", "count": 3}, {"name": "Bergeronpp", "count": 6}, {"name": "Ɱ", "count": 7}, {"name": "PackMecEng", "count": 16}, {"name": "Muboshgu", "count": 6}, {"name": "Jeppiz", "count": 1}, {"name": "Catholic", "count": 0}, {"name": "力", "count": 3}, {"name": "Lafayette", "count": 0}, {"name": "Lafayette Baguette", "count": 3}, {"name": "DannyS712", "count": 8}, {"name": "Emir of Wikipedia", "count": 70}, {"name": "Michaelwuzthere", "count": 0}, {"name": "Alcaios", "count": 4}, {"name": "UpdateNerd", "count": 28}, {"name": "KingSkyLord", "count": 1}, {"name": "JLo-Watson", "count": 20}, {"name": "Drdpw", "count": 1}, {"name": "Dash77", "count": 1}, {"name": "Tenebrae", "count": 1}, {"name": "MFlet1", "count": 1}, {"name": "842U", "count": 2}, {"name": "LXM", "count": 0}, {"name": "Zingarese", "count": 8}, {"name": "Neutrality", "count": 113}, {"name": "AjayTO", "count": 1}, {"name": "Jr8825", "count": 18}, {"name": "Objective3000", "count": 7}, {"name": "Helterclark", "count": 0}, {"name": "Thent1234", "count": 1}, {"name": "Rock-O-Jello", "count": 0}, {"name": "Jkerrigan8", "count": 0}, {"name": "implying", "count": 0}, {"name": "WEBDuB", "count": 4}, {"name": "Ka-Ping", "count": 0}, {"name": "Srodgers1701", "count": 0}, {"name": "Neveselbert", "count": 4}, {"name": "Grassynoel", "count": 0}, {"name": "Hoponpop69", "count": 0}, {"name": "Buufin", "count": 1}, {"name": "Adam9007", "count": 2}, {"name": "NewEnglandPatriots1998", "count": 1}, {"name": "Rosenborg", "count": 0}, {"name": "Spartan7W", "count": 1}, {"name": "Samwalton9", "count": 1}, {"name": "Wikibenboy94", "count": 1}, {"name": "Almostangelic123", "count": 0}, {"name": "Vanamonde93", "count": 1}, {"name": "Onghai1929", "count": 1}, {"name": "Carewser", "count": 1}, {"name": "Praxidicae", "count": 2}, {"name": "AbelAndCain", "count": 2}, {"name": "Humanengr", "count": 6}, {"name": "Radiohist", "count": 1}, {"name": "SNUGGUMS", "count": 9}, {"name": "MONGO", "count": 6}, {"name": "Gerald", "count": 0}, {"name": "NPalgan2", "count": 2}, {"name": "Scjessey", "count": 20}, {"name": "Sergei", "count": 0}, {"name": "PickleG13", "count": 1}, {"name": "HaeB", "count": 5}, {"name": "Pompous", "count": 0}, {"name": "Jason", "count": 0}, {"name": "Feoffer", "count": 5}, {"name": "Donkey", "count": 0}, {"name": "Wikieditor19920", "count": 8}, {"name": "ANG99", "count": 1}, {"name": "Emir", "count": 0}, {"name": "Kvwiki1234", "count": 2}, {"name": "Dr.", "count": 0}, {"name": "TheEpicGhosty", "count": 8}, {"name": "Dhruvh", "count": 0}, {"name": "Personisgaming", "count": 0}, {"name": "Cullen328", "count": 1}, {"name": "Devonian", "count": 0}, {"name": "Coffeeandcrumbs", "count": 8}, {"name": "Cartoon", "count": 0}, {"name": "Jdcomix", "count": 1}, {"name": "TedEdwards", "count": 1}, {"name": "Tartan357", "count": 8}, {"name": "Awesome Aasim", "count": 4}, {"name": "Sdkb", "count": 38}, {"name": "Larry Hockett", "count": 1}, {"name": "NelsonLee20042020", "count": 0}, {"name": "Benjamin.P.L", "count": 4}, {"name": "William", "count": 0}, {"name": "William S. Saturn", "count": 2}, {"name": "Francesco 13", "count": 1}, {"name": "Francesco", "count": 0}, {"name": "Popcornfud", "count": 5}, {"name": "Zzuuzz", "count": 1}, {"name": "KingOpti101", "count": 1}, {"name": "DSbxgMMA", "count": 1}, {"name": "Koreanovsky", "count": 2}, {"name": "Keepcalmandchill", "count": 1}, {"name": "TheGEICOgecko", "count": 5}, {"name": "Display", "count": 0}, {"name": "QQJJ", "count": 2}, {"name": "Supreme", "count": 0}, {"name": "Supreme Deliciousness", "count": 2}, {"name": "Tristan", "count": 0}, {"name": "Tristan Surtel", "count": 6}, {"name": "MrX", "count": 86}, {"name": "Brogo13", "count": 40}, {"name": "BLDM", "count": 2}, {"name": "Angus1986", "count": 0}, {"name": "JFG", "count": 86}, {"name": "LilBillWilliams", "count": 0}, {"name": "Fluffy89502", "count": 1}, {"name": "CatcherStorm", "count": 0}, {"name": "Beyond", "count": 0}, {"name": "BlacknoseDace", "count": 2}, {"name": "NapoleonX", "count": 1}, {"name": "פֿינצטערניש", "count": 3}, {"name": "Davefelmer", "count": 3}, {"name": "Hairy", "count": 0}, {"name": "BagInACampfire", "count": 0}, {"name": "X4n6", "count": 4}, {"name": "The", "count": 0}, {"name": "American", "count": 0}, {"name": "American In Brazil", "count": 2}, {"name": "Hipocrite", "count": 1}, {"name": "Factfanatic1", "count": 1}, {"name": "Markbassett", "count": 31}, {"name": "Mr Ernie", "count": 2}, {"name": "Tktru", "count": 1}, {"name": "CookieMonster755", "count": 1}, {"name": "Ibn", "count": 0}, {"name": "JzG", "count": 5}, {"name": "MyPreferredUsernameWasTaken", "count": 13}, {"name": "Lindenfall", "count": 3}, {"name": "Calidum", "count": 1}, {"name": "Trappist the monk", "count": 1}, {"name": "Thomasmeeks", "count": 1}, {"name": "Bzweebl:", "count": 0}, {"name": "Speed74", "count": 1}, {"name": "Lethweimaster", "count": 1}, {"name": "Urgal", "count": 11}, {"name": "JerzyA", "count": 1}, {"name": "EsotericJoe", "count": 1}, {"name": "SK2242", "count": 1}, {"name": "JHunterJ:", "count": 0}, {"name": "Cesdeva", "count": 1}, {"name": "Nightscream", "count": 6}, {"name": "Mareisland03", "count": 1}, {"name": "Iamreallygoodatcheckers", "count": 12}, {"name": "Kolya", "count": 0}, {"name": "Verdana", "count": 0}, {"name": "DaveTheBrave", "count": 1}, {"name": "Starzoner", "count": 6}, {"name": "RandomUserGuy1738", "count": 3}, {"name": "Bastun", "count": 2}, {"name": "EditQwerty", "count": 4}, {"name": "Purplebackpack89", "count": 4}, {"name": "Wow", "count": 1}, {"name": "J.S.", "count": 0}, {"name": "Yeungkahchun", "count": 4}, {"name": "Boing! said Zebedee", "count": 1}, {"name": "Bakir123", "count": 1}, {"name": "John", "count": 0}, {"name": "X1\\", "count": 8}, {"name": "Lorromorro", "count": 1}, {"name": "J4lambert", "count": 1}, {"name": "Llewee", "count": 0}, {"name": "Nannochloropsis", "count": 1}, {"name": "Tpdwkouaa", "count": 1}, {"name": "Spy-cicle", "count": 2}, {"name": "Galobtter", "count": 1}, {"name": "ZiplineWhy:", "count": 0}, {"name": "Wrath", "count": 0}, {"name": "Scribatorian", "count": 7}, {"name": "НСНУ:", "count": 0}, {"name": "SUM1", "count": 4}, {"name": "Matt", "count": 0}, {"name": "Ergo", "count": 0}, {"name": "Valjean", "count": 8}, {"name": "ZimZalaBim", "count": 2}, {"name": "Cpotisch", "count": 4}, {"name": "Rosguill", "count": 2}, {"name": "Davidwr", "count": 2}, {"name": "Mandruss:", "count": 0}, {"name": "Malerooster", "count": 5}, {"name": "Reaganomics88", "count": 1}, {"name": "Eyer", "count": 4}, {"name": "Rusf10", "count": 1}, {"name": "Tataral", "count": 9}, {"name": "Quisqualis", "count": 1}, {"name": "Beland", "count": 1}, {"name": "ATC", "count": 0}, {"name": "Space4Time3Continuum2x:", "count": 0}, {"name": "Adrianwo", "count": 0}, {"name": "Jakesyl", "count": 2}, {"name": "Triggerhippie4", "count": 2}, {"name": "Davidgoodheart", "count": 1}, {"name": "Acekard", "count": 4}, {"name": "Alborzagros", "count": 0}], "edges": [{"source": "Onetwothreeip", "target": "MelanieN", "relation": 1}, {"source": "Mandruss", "target": "Alexceltare2", "relation": 1}, {"source": "Onetwothreeip", "target": "1990'sguy", "relation": 1}, {"source": "MelanieN", "target": "1990'sguy", "relation": 1}, {"source": "ValarianB", "target": "NaBUru38", "relation": 1}, {"source": "Ivanvector", "target": "Alvin", "relation": 1}, {"source": "Politicsfan4", "target": "Politicsfan4", "relation": 1}, {"source": "Politicsfan4", "target": "Space4Time3Continuum2x", "relation": 1}, {"source": "Mandruss", "target": "Politicsfan4", "relation": 2}, {"source": "Mandruss", "target": "Boneyard90", "relation": 1}, {"source": "Onetwothreeip", "target": "Kieran207", "relation": 1}, {"source": "Mandruss", "target": "GoodDay", "relation": 4}, {"source": "Slatersteven", "target": "Chaheel", "relation": 1}, {"source": "Chaheel Riens", "target": "Jack", "relation": 1}, {"source": "Jack Upland", "target": "Starship.paint", "relation": 1}, {"source": "Davey2116", "target": "Onetwothreeip", "relation": 1}, {"source": "SPECIFICO", "target": "Ceedub88", "relation": 1}, {"source": "Ainlina", "target": "Politicsfan4", "relation": 1}, {"source": "Bdushaw", "target": "SPECIFICO", "relation": 1}, {"source": "SPECIFICO", "target": "Onetwothreeip", "relation": 4}, {"source": "Onetwothreeip", "target": "SPECIFICO", "relation": 2}, {"source": "SPECIFICO", "target": "Mandruss", "relation": 1}, {"source": "SPECIFICO", "target": "Jack", "relation": 3}, {"source": "Mandruss", "target": "Jack", "relation": 2}, {"source": "AleatoryPonderings", "target": "Jack", "relation": 1}, {"source": "Ivanvector", "target": "Ciaran.london", "relation": 1}, {"source": "Ciaran.london", "target": "Ciaran.london", "relation": 1}, {"source": "Mandruss", "target": "Czello", "relation": 1}, {"source": "Czello", "target": "Escape", "relation": 1}, {"source": "Escape Orbit", "target": "Jeromi", "relation": 1}, {"source": "Slatersteven", "target": "DanJWilde", "relation": 1}, {"source": "Mandruss", "target": "Soibangla", "relation": 2}, {"source": "GorillaWarfare", "target": "Mandruss", "relation": 1}, {"source": "Mandruss", "target": "Mandruss", "relation": 1}, {"source": "Mandruss", "target": "Tobby72", "relation": 3}, {"source": "ValarianB", "target": "Sa57arc", "relation": 1}, {"source": "Mandruss", "target": "Starship.paint", "relation": 2}, {"source": "LeftiePete", "target": "LeftiePete", "relation": 1}, {"source": "LeftiePete", "target": "LeftiePete", "relation": 1}, {"source": "Ivanvector", "target": "Pennsylvania2", "relation": 1}, {"source": "Space4Time3Continuum2x", "target": "Pennsylvania2", "relation": 1}, {"source": "Thorpewilliam", "target": "Space4Time3Continuum2x", "relation": 1}, {"source": "Thorpewilliam", "target": "Thorpewilliam", "relation": 1}, {"source": "Thorpewilliam", "target": "Mandruss", "relation": 1}, {"source": "Mandruss", "target": "Thorpewilliam", "relation": 2}, {"source": "Thanoscar21", "target": "Thorpewilliam", "relation": 1}, {"source": "Mandruss", "target": "Mgasparin", "relation": 2}, {"source": "Mandruss", "target": "UltraBee", "relation": 1}, {"source": "Slatersteven", "target": "Ciaran.london", "relation": 1}, {"source": "Mandruss", "target": "Bergeronpp", "relation": 1}, {"source": "Soibangla", "target": "Bergeronpp", "relation": 1}, {"source": "Ɱ", "target": "Ɱ", "relation": 1}, {"source": "Ɱ", "target": "PackMecEng", "relation": 1}, {"source": "SPECIFICO", "target": "Ɱ", "relation": 1}, {"source": "PackMecEng", "target": "Soibangla", "relation": 3}, {"source": "Muboshgu", "target": "Jeppiz", "relation": 1}, {"source": "GorillaWarfare", "target": "Catholic", "relation": 1}, {"source": "力", "target": "Lafayette", "relation": 2}, {"source": "Lafayette Baguette", "target": "Lafayette", "relation": 2}, {"source": "DannyS712", "target": "Lafayette", "relation": 1}, {"source": "Emir of Wikipedia", "target": "Bergeronpp", "relation": 1}, {"source": "Mandruss", "target": "Michaelwuzthere", "relation": 1}, {"source": "Alcaios", "target": "UpdateNerd", "relation": 1}, {"source": "Mandruss", "target": "KingSkyLord", "relation": 1}, {"source": "Mandruss", "target": "JLo-Watson", "relation": 1}, {"source": "Drdpw", "target": "Dash77", "relation": 1}, {"source": "Mandruss", "target": "Tenebrae", "relation": 1}, {"source": "MFlet1", "target": "842U", "relation": 1}, {"source": "Czello", "target": "Space4Time3Continuum2x", "relation": 1}, {"source": "GorillaWarfare", "target": "LXM", "relation": 1}, {"source": "Zingarese", "target": "LXM", "relation": 1}, {"source": "Neutrality", "target": "LXM", "relation": 1}, {"source": "Slatersteven", "target": "AjayTO", "relation": 1}, {"source": "Jr8825", "target": "AjayTO", "relation": 1}, {"source": "Jr8825", "target": "Thorpewilliam", "relation": 1}, {"source": "Thorpewilliam", "target": "Slatersteven", "relation": 1}, {"source": "Objective3000", "target": "Helterclark", "relation": 1}, {"source": "Jr8825", "target": "Helterclark", "relation": 1}, {"source": "Slatersteven", "target": "Thorpewilliam", "relation": 1}, {"source": "Mandruss", "target": "Thent1234", "relation": 1}, {"source": "Mandruss", "target": "Rock-O-Jello", "relation": 1}, {"source": "Objective3000", "target": "Rock-O-Jello", "relation": 1}, {"source": "Jr8825", "target": "Jkerrigan8", "relation": 2}, {"source": "Jr8825", "target": "implying", "relation": 1}, {"source": "Mandruss", "target": "WEBDuB", "relation": 1}, {"source": "Jr8825", "target": "Ka-Ping", "relation": 1}, {"source": "Zingarese", "target": "Jkerrigan8", "relation": 1}, {"source": "Jr8825", "target": "Srodgers1701", "relation": 1}, {"source": "Neveselbert", "target": "Grassynoel", "relation": 1}, {"source": "Mandruss", "target": "Hoponpop69", "relation": 2}, {"source": "GoodDay", "target": "Mandruss", "relation": 1}, {"source": "Buufin", "target": "Mandruss", "relation": 1}, {"source": "Emir of Wikipedia", "target": "Mandruss", "relation": 1}, {"source": "Adam9007", "target": "NewEnglandPatriots1998", "relation": 1}, {"source": "Mandruss", "target": "Rosenborg", "relation": 1}, {"source": "Chaheel Riens", "target": "Spartan7W", "relation": 1}, {"source": "Samwalton9", "target": "Wikibenboy94", "relation": 1}, {"source": "Mandruss", "target": "Almostangelic123", "relation": 1}, {"source": "Vanamonde93", "target": "Onghai1929", "relation": 1}, {"source": "Mandruss", "target": "Carewser", "relation": 1}, {"source": "Praxidicae", "target": "AbelAndCain", "relation": 1}, {"source": "Humanengr", "target": "Radiohist", "relation": 1}, {"source": "Davey2116", "target": "SNUGGUMS", "relation": 1}, {"source": "Onetwothreeip", "target": "MONGO", "relation": 1}, {"source": "MONGO", "target": "MONGO", "relation": 1}, {"source": "Bdushaw", "target": "Gerald", "relation": 1}, {"source": "Neutrality", "target": "Jack", "relation": 1}, {"source": "Mandruss", "target": "NPalgan2", "relation": 1}, {"source": "Scjessey", "target": "Sergei", "relation": 1}, {"source": "Onetwothreeip", "target": "Mandruss", "relation": 1}, {"source": "Scjessey", "target": "Tobby72", "relation": 1}, {"source": "Mandruss", "target": "PickleG13", "relation": 1}, {"source": "HaeB", "target": "Tobby72", "relation": 1}, {"source": "Mandruss", "target": "Pompous", "relation": 1}, {"source": "Space4Time3Continuum2x", "target": "Pompous", "relation": 2}, {"source": "Jack Upland", "target": "Jason", "relation": 1}, {"source": "Starship.paint", "target": "Starship.paint", "relation": 1}, {"source": "Mandruss", "target": "Feoffer", "relation": 3}, {"source": "Onetwothreeip", "target": "Donkey", "relation": 1}, {"source": "Mandruss", "target": "Wikieditor19920", "relation": 1}, {"source": "Mandruss", "target": "ANG99", "relation": 1}, {"source": "ANG99", "target": "ANG99", "relation": 1}, {"source": "Space4Time3Continuum2x", "target": "ANG99", "relation": 1}, {"source": "Space4Time3Continuum2x", "target": "Space4Time3Continuum2x", "relation": 1}, {"source": "Mandruss", "target": "Emir", "relation": 1}, {"source": "Soibangla", "target": "Onetwothreeip", "relation": 1}, {"source": "Space4Time3Continuum2x", "target": "Onetwothreeip", "relation": 14}, {"source": "Space4Time3Continuum2x", "target": "Kvwiki1234", "relation": 1}, {"source": "Mandruss", "target": "Dr.", "relation": 1}, {"source": "MelanieN", "target": "Dr.", "relation": 1}, {"source": "Space4Time3Continuum2x", "target": "Feoffer", "relation": 1}, {"source": "Space4Time3Continuum2x", "target": "Space4Time3Continuum2x", "relation": 1}, {"source": "Space4Time3Continuum2x", "target": "Space4Time3Continuum2x", "relation": 1}, {"source": "Mandruss", "target": "TheEpicGhosty", "relation": 1}, {"source": "Mandruss", "target": "Dhruvh", "relation": 1}, {"source": "Mandruss", "target": "Personisgaming", "relation": 1}, {"source": "Onetwothreeip", "target": "Personisgaming", "relation": 1}, {"source": "Cullen328", "target": "Devonian", "relation": 1}, {"source": "Coffeeandcrumbs", "target": "Cartoon", "relation": 1}, {"source": "Jdcomix", "target": "TedEdwards", "relation": 1}, {"source": "Tartan357", "target": "UpdateNerd", "relation": 1}, {"source": "UpdateNerd", "target": "UpdateNerd", "relation": 1}, {"source": "Awesome Aasim", "target": "Sdkb", "relation": 1}, {"source": "Larry Hockett", "target": "NelsonLee20042020", "relation": 1}, {"source": "Sdkb", "target": "Sdkb", "relation": 1}, {"source": "Benjamin.P.L", "target": "William", "relation": 1}, {"source": "William S. Saturn", "target": "Benjamin.P.L", "relation": 1}, {"source": "Francesco 13", "target": "Francesco", "relation": 1}, {"source": "Onetwothreeip", "target": "Thorpewilliam", "relation": 1}, {"source": "Onetwothreeip", "target": "Popcornfud", "relation": 1}, {"source": "Zzuuzz", "target": "KingOpti101", "relation": 1}, {"source": "Onetwothreeip", "target": "PackMecEng", "relation": 1}, {"source": "Mandruss", "target": "DSbxgMMA", "relation": 1}, {"source": "Koreanovsky", "target": "Koreanovsky", "relation": 1}, {"source": "Koreanovsky", "target": "Koreanovsky", "relation": 1}, {"source": "Space4Time3Continuum2x", "target": "Keepcalmandchill", "relation": 2}, {"source": "Bdushaw", "target": "Bdushaw", "relation": 1}, {"source": "Bdushaw", "target": "Bdushaw", "relation": 1}, {"source": "Bdushaw", "target": "TheGEICOgecko", "relation": 1}, {"source": "SPECIFICO", "target": "Display", "relation": 1}, {"source": "QQJJ", "target": "Supreme", "relation": 1}, {"source": "Supreme Deliciousness", "target": "Tristan", "relation": 1}, {"source": "Tristan Surtel", "target": "Supreme", "relation": 1}, {"source": "Space4Time3Continuum2x", "target": "Supreme", "relation": 1}, {"source": "Bdushaw", "target": "Mandruss", "relation": 1}, {"source": "Mandruss", "target": "Mandruss", "relation": 1}, {"source": "Mandruss", "target": "Tristan", "relation": 1}, {"source": "Space4Time3Continuum2x", "target": "Tristan", "relation": 1}, {"source": "MrX", "target": "Brogo13", "relation": 1}, {"source": "Emir of Wikipedia", "target": "Sdkb", "relation": 1}, {"source": "Mandruss", "target": "Sdkb", "relation": 1}, {"source": "ValarianB", "target": "BLDM", "relation": 1}, {"source": "BLDM", "target": "Mandruss", "relation": 1}, {"source": "Mandruss", "target": "BLDM", "relation": 1}, {"source": "BLDM", "target": "Space4Time3Continuum2x", "relation": 1}, {"source": "Space4Time3Continuum2x", "target": "Space4Time3Continuum2x", "relation": 1}, {"source": "Mandruss", "target": "Angus1986", "relation": 1}, {"source": "JLo-Watson", "target": "Angus1986", "relation": 1}, {"source": "Mandruss", "target": "Ɱ", "relation": 1}, {"source": "MrX", "target": "Scjessey", "relation": 1}, {"source": "JFG", "target": "Scjessey", "relation": 1}, {"source": "Scjessey", "target": "Emir", "relation": 1}, {"source": "Bdushaw", "target": "LilBillWilliams", "relation": 1}, {"source": "Mandruss", "target": "LilBillWilliams", "relation": 1}, {"source": "Scjessey", "target": "Fluffy89502", "relation": 1}, {"source": "Mandruss", "target": "CatcherStorm", "relation": 1}, {"source": "Space4Time3Continuum2x", "target": "CatcherStorm", "relation": 1}, {"source": "Mandruss", "target": "Ceedub88", "relation": 2}, {"source": "Mandruss", "target": "Beyond", "relation": 1}, {"source": "BlacknoseDace", "target": "Brogo13", "relation": 1}, {"source": "MrX", "target": "Muboshgu", "relation": 1}, {"source": "Muboshgu", "target": "NapoleonX", "relation": 1}, {"source": "Emir of Wikipedia", "target": "Space4Time3Continuum2x", "relation": 1}, {"source": "פֿינצטערניש", "target": "Davefelmer", "relation": 1}, {"source": "MrX", "target": "Hairy", "relation": 1}, {"source": "Mandruss", "target": "BagInACampfire", "relation": 1}, {"source": "Emir of Wikipedia", "target": "X4n6", "relation": 1}, {"source": "MrX", "target": "MelanieN", "relation": 2}, {"source": "MrX", "target": "X4n6", "relation": 1}, {"source": "Mandruss", "target": "The", "relation": 1}, {"source": "JFG", "target": "Emir", "relation": 1}, {"source": "Mandruss", "target": "American", "relation": 1}, {"source": "American In Brazil", "target": "Mandruss", "relation": 1}, {"source": "UpdateNerd", "target": "UpdateNerd", "relation": 1}, {"source": "Mandruss", "target": "Hipocrite", "relation": 1}, {"source": "Hipocrite", "target": "Hipocrite", "relation": 1}, {"source": "Mandruss", "target": "Factfanatic1", "relation": 1}, {"source": "Space4Time3Continuum2x", "target": "Space4Time3Continuum2x", "relation": 1}, {"source": "Space4Time3Continuum2x", "target": "Space4Time3Continuum2x", "relation": 1}, {"source": "Space4Time3Continuum2x", "target": "Markbassett", "relation": 1}, {"source": "Mr Ernie", "target": "Tktru", "relation": 1}, {"source": "MrX", "target": "Bdushaw", "relation": 2}, {"source": "Scjessey", "target": "פֿינצטערניש", "relation": 1}, {"source": "HaeB", "target": "פֿינצטערניש", "relation": 1}, {"source": "Onetwothreeip", "target": "Jack", "relation": 1}, {"source": "JFG", "target": "CookieMonster755", "relation": 1}, {"source": "Mandruss", "target": "Ibn", "relation": 1}, {"source": "Emir of Wikipedia", "target": "פֿינצטערניש", "relation": 1}, {"source": "Mandruss", "target": "Onetwothreeip", "relation": 1}, {"source": "JzG", "target": "MyPreferredUsernameWasTaken", "relation": 1}, {"source": "MyPreferredUsernameWasTaken", "target": "Mandruss", "relation": 1}, {"source": "Mandruss", "target": "MyPreferredUsernameWasTaken", "relation": 1}, {"source": "Space4Time3Continuum2x", "target": "Space4Time3Continuum2x", "relation": 1}, {"source": "Lindenfall", "target": "Ceedub88", "relation": 1}, {"source": "Calidum", "target": "Ceedub88", "relation": 1}, {"source": "Trappist the monk", "target": "Thomasmeeks", "relation": 1}, {"source": "SPECIFICO", "target": "JFG", "relation": 8}, {"source": "HaeB", "target": "Bzweebl:", "relation": 1}, {"source": "Mandruss", "target": "Speed74", "relation": 1}, {"source": "JFG", "target": "Lethweimaster", "relation": 1}, {"source": "Urgal", "target": "Lethweimaster", "relation": 1}, {"source": "Urgal", "target": "Scjessey", "relation": 1}, {"source": "Urgal", "target": "Brogo13", "relation": 1}, {"source": "Mandruss", "target": "JerzyA", "relation": 1}, {"source": "Mandruss", "target": "EsotericJoe", "relation": 1}, {"source": "Mandruss", "target": "SK2242", "relation": 1}, {"source": "Scjessey", "target": "Starship.paint", "relation": 1}, {"source": "Space4Time3Continuum2x", "target": "Space4Time3Continuum2x", "relation": 1}, {"source": "Space4Time3Continuum2x", "target": "Space4Time3Continuum2x", "relation": 1}, {"source": "Space4Time3Continuum2x", "target": "Space4Time3Continuum2x", "relation": 1}, {"source": "Space4Time3Continuum2x", "target": "Space4Time3Continuum2x", "relation": 1}, {"source": "MrX", "target": "MrX", "relation": 1}, {"source": "MrX", "target": "MrX", "relation": 1}, {"source": "Space4Time3Continuum2x", "target": "MrX", "relation": 1}, {"source": "Mandruss", "target": "JHunterJ:", "relation": 1}, {"source": "Objective3000", "target": "Urgal", "relation": 1}, {"source": "MrX", "target": "Starship.paint", "relation": 1}, {"source": "Mandruss", "target": "Cesdeva", "relation": 1}, {"source": "JFG", "target": "Thanoscar21", "relation": 1}, {"source": "Mandruss", "target": "Nightscream", "relation": 2}, {"source": "SPECIFICO", "target": "MyPreferredUsernameWasTaken", "relation": 1}, {"source": "MyPreferredUsernameWasTaken", "target": "MyPreferredUsernameWasTaken", "relation": 1}, {"source": "Space4Time3Continuum2x", "target": "Space4Time3Continuum2x", "relation": 1}, {"source": "Praxidicae", "target": "Mareisland03", "relation": 1}, {"source": "Mandruss", "target": "Iamreallygoodatcheckers", "relation": 1}, {"source": "MelanieN", "target": "Iamreallygoodatcheckers", "relation": 1}, {"source": "Mandruss", "target": "Kolya", "relation": 1}, {"source": "JLo-Watson", "target": "Kolya", "relation": 1}, {"source": "Space4Time3Continuum2x", "target": "Verdana", "relation": 1}, {"source": "Mandruss", "target": "DaveTheBrave", "relation": 1}, {"source": "Mandruss", "target": "Starzoner", "relation": 1}, {"source": "Mandruss", "target": "RandomUserGuy1738", "relation": 1}, {"source": "Space4Time3Continuum2x", "target": "Thanoscar21", "relation": 1}, {"source": "Bastun", "target": "JFG", "relation": 1}, {"source": "Davey2116", "target": "JFG", "relation": 1}, {"source": "Scjessey", "target": "EditQwerty", "relation": 1}, {"source": "Scjessey", "target": "Brogo13", "relation": 1}, {"source": "Mandruss", "target": "Brogo13", "relation": 1}, {"source": "Onetwothreeip", "target": "Space4Time3Continuum2x", "relation": 1}, {"source": "Purplebackpack89", "target": "JLo-Watson", "relation": 1}, {"source": "Wow", "target": "J.S.", "relation": 1}, {"source": "Zingarese", "target": "Mandruss", "relation": 1}, {"source": "Space4Time3Continuum2x", "target": "Space4Time3Continuum2x", "relation": 1}, {"source": "Mandruss", "target": "Mandruss", "relation": 1}, {"source": "Yeungkahchun", "target": "Yeungkahchun", "relation": 1}, {"source": "Muboshgu", "target": "Yeungkahchun", "relation": 1}, {"source": "Mandruss", "target": "Purplebackpack89", "relation": 1}, {"source": "Boing! said Zebedee", "target": "Bakir123", "relation": 1}, {"source": "Mandruss", "target": "John", "relation": 1}, {"source": "PackMecEng", "target": "X1\\", "relation": 1}, {"source": "X1\\", "target": "JFG", "relation": 1}, {"source": "X1\\", "target": "Markbassett", "relation": 1}, {"source": "Markbassett", "target": "Markbassett", "relation": 1}, {"source": "X1\\", "target": "PackMecEng", "relation": 1}, {"source": "Markbassett", "target": "X1\\", "relation": 1}, {"source": "DannyS712", "target": "Lorromorro", "relation": 1}, {"source": "Mandruss", "target": "J4lambert", "relation": 1}, {"source": "Scjessey", "target": "Llewee", "relation": 1}, {"source": "Mandruss", "target": "Llewee", "relation": 1}, {"source": "Mandruss", "target": "Nannochloropsis", "relation": 1}, {"source": "Scjessey", "target": "Tpdwkouaa", "relation": 1}, {"source": "Tpdwkouaa", "target": "Tktru", "relation": 1}, {"source": "MelanieN", "target": "Tktru", "relation": 1}, {"source": "SPECIFICO", "target": "Markbassett", "relation": 1}, {"source": "Mandruss", "target": "Spy-cicle", "relation": 1}, {"source": "Starship.paint", "target": "Starship.paint", "relation": 1}, {"source": "Galobtter", "target": "ZiplineWhy:", "relation": 1}, {"source": "Objective3000", "target": "Mandruss", "relation": 1}, {"source": "ValarianB", "target": "Onghai1929", "relation": 1}, {"source": "JFG", "target": "JzG", "relation": 1}, {"source": "Mandruss", "target": "Wrath", "relation": 1}, {"source": "MrX", "target": "Mandruss", "relation": 1}, {"source": "Scribatorian", "target": "Space4Time3Continuum2x", "relation": 2}, {"source": "Mandruss", "target": "НСНУ:", "relation": 1}, {"source": "Objective3000", "target": "Space4Time3Continuum2x", "relation": 1}, {"source": "Scjessey", "target": "Mandruss", "relation": 1}, {"source": "SUM1", "target": "Mandruss", "relation": 1}, {"source": "Mandruss", "target": "SUM1", "relation": 1}, {"source": "SUM1", "target": "SUM1", "relation": 1}, {"source": "HaeB", "target": "Markbassett", "relation": 1}, {"source": "Wikieditor19920", "target": "Wikieditor19920", "relation": 1}, {"source": "Mandruss", "target": "Scribatorian", "relation": 1}, {"source": "Markbassett", "target": "Markbassett", "relation": 1}, {"source": "Mandruss", "target": "Matt", "relation": 2}, {"source": "Spy-cicle", "target": "Ergo", "relation": 1}, {"source": "Space4Time3Continuum2x", "target": "Ergo", "relation": 1}, {"source": "Space4Time3Continuum2x", "target": "Space4Time3Continuum2x", "relation": 1}, {"source": "PackMecEng", "target": "Space4Time3Continuum2x", "relation": 2}, {"source": "Valjean", "target": "Onetwothreeip", "relation": 1}, {"source": "Space4Time3Continuum2x", "target": "Space4Time3Continuum2x", "relation": 1}, {"source": "ZimZalaBim", "target": "Cpotisch", "relation": 1}, {"source": "Onetwothreeip", "target": "Rosguill", "relation": 1}, {"source": "MrX", "target": "SPECIFICO", "relation": 1}, {"source": "Davidwr", "target": "Davidwr", "relation": 1}, {"source": "Davidwr", "target": "Davidwr", "relation": 1}, {"source": "MrX", "target": "Mandruss:", "relation": 2}, {"source": "Mandruss", "target": "Bakir123", "relation": 1}, {"source": "Malerooster", "target": "Reaganomics88", "relation": 1}, {"source": "Mandruss", "target": "JFG", "relation": 1}, {"source": "PackMecEng", "target": "Brogo13", "relation": 1}, {"source": "Eyer", "target": "Brogo13", "relation": 1}, {"source": "MelanieN", "target": "Brogo13", "relation": 1}, {"source": "PackMecEng", "target": "PackMecEng", "relation": 1}, {"source": "PackMecEng", "target": "SPECIFICO", "relation": 1}, {"source": "SPECIFICO", "target": "Rusf10", "relation": 1}, {"source": "Rusf10", "target": "Tataral", "relation": 1}, {"source": "Quisqualis", "target": "Wrath", "relation": 1}, {"source": "Space4Time3Continuum2x", "target": "Space4Time3Continuum2x", "relation": 1}, {"source": "MelanieN", "target": "Space4Time3Continuum2x", "relation": 1}, {"source": "Mandruss", "target": "Beland", "relation": 1}, {"source": "Mandruss", "target": "ATC", "relation": 1}, {"source": "SPECIFICO", "target": "PackMecEng", "relation": 1}, {"source": "MrX", "target": "Space4Time3Continuum2x:", "relation": 1}, {"source": "Space4Time3Continuum2x", "target": "Space4Time3Continuum2x:", "relation": 1}, {"source": "Space4Time3Continuum2x", "target": "Space4Time3Continuum2x", "relation": 1}, {"source": "Mandruss", "target": "Adrianwo", "relation": 1}, {"source": "Markbassett", "target": "SPECIFICO", "relation": 1}, {"source": "Jakesyl", "target": "Jakesyl", "relation": 1}, {"source": "JFG", "target": "SPECIFICO", "relation": 1}, {"source": "Triggerhippie4", "target": "Davidgoodheart", "relation": 1}, {"source": "Acekard", "target": "Acekard", "relation": 1}, {"source": "Acekard", "target": "MrX", "relation": 1}, {"source": "Mandruss", "target": "Alborzagros", "relation": 1}, {"source": "Markbassett", "target": "Alborzagros", "relation": 1}, {"source": "JFG", "target": "JFG", "relation": 1}, {"source": "Jack Upland", "target": "Soibangla", "relation": 1}]}