{
  "user1": {
    "0": "Onetwothreeip",
    "1": "Mandruss",
    "2": "Onetwothreeip",
    "3": "MelanieN",
    "4": "ValarianB",
    "5": "Ivanvector",
    "6": "Politicsfan4",
    "7": "Politicsfan4",
    "8": "Mandruss",
    "9": "Mandruss",
    "10": "Onetwothreeip",
    "11": "Mandruss",
    "12": "Slatersteven",
    "13": "Chaheel Riens",
    "14": "Jack Upland",
    "15": "Davey2116",
    "16": "SPECIFICO",
    "17": "Ainlina",
    "18": "Bdushaw",
    "19": "SPECIFICO",
    "20": "Onetwothreeip",
    "21": "SPECIFICO",
    "22": "SPECIFICO",
    "23": "Mandruss",
    "24": "AleatoryPonderings",
    "25": "Ivanvector",
    "26": "Ciaran.london",
    "27": "Mandruss",
    "28": "Czello",
    "29": "Escape Orbit",
    "30": "Slatersteven",
    "31": "Mandruss",
    "32": "GorillaWarfare",
    "33": "Mandruss",
    "34": "Mandruss",
    "35": "ValarianB",
    "36": "Mandruss",
    "37": "LeftiePete",
    "38": "Ivanvector",
    "39": "Space4Time3Continuum2x",
    "40": "Thorpewilliam",
    "41": "Thorpewilliam",
    "42": "Thorpewilliam",
    "43": "Mandruss",
    "44": "Thanoscar21",
    "45": "Mandruss",
    "46": "Mandruss",
    "47": "Slatersteven",
    "48": "Mandruss",
    "49": "Soibangla",
    "50": "\u2c6e",
    "51": "\u2c6e",
    "52": "SPECIFICO",
    "53": "PackMecEng",
    "54": "Muboshgu",
    "55": "GorillaWarfare",
    "56": "\u529b",
    "57": "Lafayette Baguette",
    "58": "DannyS712",
    "59": "Emir of Wikipedia",
    "60": "Mandruss",
    "61": "Alcaios",
    "62": "Mandruss",
    "63": "Mandruss",
    "64": "Drdpw",
    "65": "Mandruss",
    "66": "MFlet1",
    "67": "Czello",
    "68": "GorillaWarfare",
    "69": "Zingarese",
    "70": "Neutrality",
    "71": "Slatersteven",
    "72": "Jr8825",
    "73": "Jr8825",
    "74": "Thorpewilliam",
    "75": "Objective3000",
    "76": "Jr8825",
    "77": "Slatersteven",
    "78": "Mandruss",
    "79": "Mandruss",
    "80": "Objective3000",
    "81": "Jr8825",
    "82": "Jr8825",
    "83": "Mandruss",
    "84": "Jr8825",
    "85": "Zingarese",
    "86": "Jr8825",
    "87": "Neveselbert",
    "88": "Mandruss",
    "89": "GoodDay",
    "90": "Buufin",
    "91": "Emir of Wikipedia",
    "92": "Adam9007",
    "93": "Mandruss",
    "94": "Chaheel Riens",
    "95": "Samwalton9",
    "96": "Mandruss",
    "97": "Vanamonde93",
    "98": "Mandruss",
    "99": "Praxidicae",
    "100": "Humanengr",
    "101": "Davey2116",
    "102": "Onetwothreeip",
    "103": "MONGO",
    "104": "Bdushaw",
    "105": "Neutrality",
    "106": "Mandruss",
    "107": "Scjessey",
    "108": "Onetwothreeip",
    "109": "Scjessey",
    "110": "Mandruss",
    "111": "HaeB",
    "112": "Mandruss",
    "113": "Space4Time3Continuum2x",
    "114": "Jack Upland",
    "115": "Starship.paint",
    "116": "Mandruss",
    "117": "Onetwothreeip",
    "118": "Mandruss",
    "119": "Mandruss",
    "120": "ANG99",
    "121": "Space4Time3Continuum2x",
    "122": "Space4Time3Continuum2x",
    "123": "Mandruss",
    "124": "Soibangla",
    "125": "Space4Time3Continuum2x",
    "126": "Space4Time3Continuum2x",
    "127": "Mandruss",
    "128": "MelanieN",
    "129": "Space4Time3Continuum2x",
    "130": "Mandruss",
    "131": "Mandruss",
    "132": "Mandruss",
    "133": "Onetwothreeip",
    "134": "Cullen328",
    "135": "Coffeeandcrumbs",
    "136": "Jdcomix",
    "137": "Tartan357",
    "138": "UpdateNerd",
    "139": "Awesome Aasim",
    "140": "Larry Hockett",
    "141": "Sdkb",
    "142": "Benjamin.P.L",
    "143": "William S. Saturn",
    "144": "Francesco 13",
    "145": "Onetwothreeip",
    "146": "Onetwothreeip",
    "147": "Zzuuzz",
    "148": "Onetwothreeip",
    "149": "Mandruss",
    "150": "Koreanovsky",
    "151": "Space4Time3Continuum2x",
    "152": "Bdushaw",
    "153": "Bdushaw",
    "154": "SPECIFICO",
    "155": "QQJJ",
    "156": "Supreme Deliciousness",
    "157": "Tristan Surtel",
    "158": "Space4Time3Continuum2x",
    "159": "Bdushaw",
    "160": "Mandruss",
    "161": "Space4Time3Continuum2x",
    "162": "MrX",
    "163": "Emir of Wikipedia",
    "164": "Mandruss",
    "165": "ValarianB",
    "166": "BLDM",
    "167": "Mandruss",
    "168": "BLDM",
    "169": "Mandruss",
    "170": "JLo-Watson",
    "171": "Mandruss",
    "172": "MrX",
    "173": "JFG",
    "174": "Scjessey",
    "175": "Bdushaw",
    "176": "Mandruss",
    "177": "Scjessey",
    "178": "Mandruss",
    "179": "Space4Time3Continuum2x",
    "180": "Mandruss",
    "181": "Mandruss",
    "182": "BlacknoseDace",
    "183": "MrX",
    "184": "Muboshgu",
    "185": "Emir of Wikipedia",
    "186": "\u05e4\u05bf\u05d9\u05e0\u05e6\u05d8\u05e2\u05e8\u05e0\u05d9\u05e9",
    "187": "MrX",
    "188": "Mandruss",
    "189": "Emir of Wikipedia",
    "190": "MrX",
    "191": "MrX",
    "192": "Mandruss",
    "193": "JFG",
    "194": "Mandruss",
    "195": "American In Brazil",
    "196": "Mandruss",
    "197": "Hipocrite",
    "198": "Mandruss",
    "199": "Space4Time3Continuum2x",
    "200": "Mr Ernie",
    "201": "MrX",
    "202": "Scjessey",
    "203": "HaeB",
    "204": "Onetwothreeip",
    "205": "JFG",
    "206": "Mandruss",
    "207": "Emir of Wikipedia",
    "208": "Mandruss",
    "209": "JzG",
    "210": "MyPreferredUsernameWasTaken",
    "211": "Mandruss",
    "212": "Lindenfall",
    "213": "Calidum",
    "214": "Trappist the monk",
    "215": "SPECIFICO",
    "216": "HaeB",
    "217": "Mandruss",
    "218": "JFG",
    "219": "Urgal",
    "220": "Urgal",
    "221": "Urgal",
    "222": "Mandruss",
    "223": "Mandruss",
    "224": "Mandruss",
    "225": "Scjessey",
    "226": "MrX",
    "227": "Space4Time3Continuum2x",
    "228": "Mandruss",
    "229": "Objective3000",
    "230": "MrX",
    "231": "Mandruss",
    "232": "JFG",
    "233": "Mandruss",
    "234": "SPECIFICO",
    "235": "MyPreferredUsernameWasTaken",
    "236": "Praxidicae",
    "237": "Mandruss",
    "238": "MelanieN",
    "239": "Mandruss",
    "240": "JLo-Watson",
    "241": "Space4Time3Continuum2x",
    "242": "Mandruss",
    "243": "Mandruss",
    "244": "Mandruss",
    "245": "Space4Time3Continuum2x",
    "246": "Bastun",
    "247": "Davey2116",
    "248": "Scjessey",
    "249": "Scjessey",
    "250": "Mandruss",
    "251": "Onetwothreeip",
    "252": "Purplebackpack89",
    "253": "Wow",
    "254": "Zingarese",
    "255": "Yeungkahchun",
    "256": "Muboshgu",
    "257": "Mandruss",
    "258": "Boing! said Zebedee",
    "259": "Mandruss",
    "260": "PackMecEng",
    "261": "X1\\",
    "262": "X1\\",
    "263": "Markbassett",
    "264": "X1\\",
    "265": "Markbassett",
    "266": "DannyS712",
    "267": "Mandruss",
    "268": "Scjessey",
    "269": "Mandruss",
    "270": "Mandruss",
    "271": "Scjessey",
    "272": "Tpdwkouaa",
    "273": "MelanieN",
    "274": "SPECIFICO",
    "275": "Mandruss",
    "276": "Galobtter",
    "277": "Objective3000",
    "278": "ValarianB",
    "279": "JFG",
    "280": "Mandruss",
    "281": "MrX",
    "282": "Scribatorian",
    "283": "Mandruss",
    "284": "Objective3000",
    "285": "Scjessey",
    "286": "SUM1",
    "287": "Mandruss",
    "288": "SUM1",
    "289": "HaeB",
    "290": "Wikieditor19920",
    "291": "Mandruss",
    "292": "Mandruss",
    "293": "Spy-cicle",
    "294": "Space4Time3Continuum2x",
    "295": "PackMecEng",
    "296": "Valjean",
    "297": "ZimZalaBim",
    "298": "Onetwothreeip",
    "299": "MrX",
    "300": "Davidwr",
    "301": "MrX",
    "302": "Mandruss",
    "303": "Malerooster",
    "304": "Mandruss",
    "305": "PackMecEng",
    "306": "Eyer",
    "307": "MelanieN",
    "308": "PackMecEng",
    "309": "PackMecEng",
    "310": "SPECIFICO",
    "311": "Rusf10",
    "312": "Quisqualis",
    "313": "MelanieN",
    "314": "Mandruss",
    "315": "Mandruss",
    "316": "SPECIFICO",
    "317": "MrX",
    "318": "Space4Time3Continuum2x",
    "319": "Mandruss",
    "320": "Markbassett",
    "321": "Jakesyl",
    "322": "JFG",
    "323": "Triggerhippie4",
    "324": "Acekard",
    "325": "Acekard",
    "326": "Mandruss",
    "327": "Markbassett",
    "328": "JFG",
    "329": "Jack Upland"
  },
  "user2": {
    "0": "MelanieN",
    "1": "Alexceltare2",
    "2": "1990'sguy",
    "3": "1990'sguy",
    "4": "NaBUru38",
    "5": "Alvin",
    "6": "Politicsfan4",
    "7": "Space4Time3Continuum2x",
    "8": "Politicsfan4",
    "9": "Boneyard90",
    "10": "Kieran207",
    "11": "GoodDay",
    "12": "Chaheel",
    "13": "Jack",
    "14": "Starship.paint",
    "15": "Onetwothreeip",
    "16": "Ceedub88",
    "17": "Politicsfan4",
    "18": "SPECIFICO",
    "19": "Onetwothreeip",
    "20": "SPECIFICO",
    "21": "Mandruss",
    "22": "Jack",
    "23": "Jack",
    "24": "Jack",
    "25": "Ciaran.london",
    "26": "Ciaran.london",
    "27": "Czello",
    "28": "Escape",
    "29": "Jeromi",
    "30": "DanJWilde",
    "31": "Soibangla",
    "32": "Mandruss",
    "33": "Mandruss",
    "34": "Tobby72",
    "35": "Sa57arc",
    "36": "Starship.paint",
    "37": "LeftiePete",
    "38": "Pennsylvania2",
    "39": "Pennsylvania2",
    "40": "Space4Time3Continuum2x",
    "41": "Thorpewilliam",
    "42": "Mandruss",
    "43": "Thorpewilliam",
    "44": "Thorpewilliam",
    "45": "Mgasparin",
    "46": "UltraBee",
    "47": "Ciaran.london",
    "48": "Bergeronpp",
    "49": "Bergeronpp",
    "50": "\u2c6e",
    "51": "PackMecEng",
    "52": "\u2c6e",
    "53": "Soibangla",
    "54": "Jeppiz",
    "55": "Catholic",
    "56": "Lafayette",
    "57": "Lafayette",
    "58": "Lafayette",
    "59": "Bergeronpp",
    "60": "Michaelwuzthere",
    "61": "UpdateNerd",
    "62": "KingSkyLord",
    "63": "JLo-Watson",
    "64": "Dash77",
    "65": "Tenebrae",
    "66": "842U",
    "67": "Space4Time3Continuum2x",
    "68": "LXM",
    "69": "LXM",
    "70": "LXM",
    "71": "AjayTO",
    "72": "AjayTO",
    "73": "Thorpewilliam",
    "74": "Slatersteven",
    "75": "Helterclark",
    "76": "Helterclark",
    "77": "Thorpewilliam",
    "78": "Thent1234",
    "79": "Rock-O-Jello",
    "80": "Rock-O-Jello",
    "81": "Jkerrigan8",
    "82": "implying",
    "83": "WEBDuB",
    "84": "Ka-Ping",
    "85": "Jkerrigan8",
    "86": "Srodgers1701",
    "87": "Grassynoel",
    "88": "Hoponpop69",
    "89": "Mandruss",
    "90": "Mandruss",
    "91": "Mandruss",
    "92": "NewEnglandPatriots1998",
    "93": "Rosenborg",
    "94": "Spartan7W",
    "95": "Wikibenboy94",
    "96": "Almostangelic123",
    "97": "Onghai1929",
    "98": "Carewser",
    "99": "AbelAndCain",
    "100": "Radiohist",
    "101": "SNUGGUMS",
    "102": "MONGO",
    "103": "MONGO",
    "104": "Gerald",
    "105": "Jack",
    "106": "NPalgan2",
    "107": "Sergei",
    "108": "Mandruss",
    "109": "Tobby72",
    "110": "PickleG13",
    "111": "Tobby72",
    "112": "Pompous",
    "113": "Pompous",
    "114": "Jason",
    "115": "Starship.paint",
    "116": "Feoffer",
    "117": "Donkey",
    "118": "Wikieditor19920",
    "119": "ANG99",
    "120": "ANG99",
    "121": "ANG99",
    "122": "Space4Time3Continuum2x",
    "123": "Emir",
    "124": "Onetwothreeip",
    "125": "Onetwothreeip",
    "126": "Kvwiki1234",
    "127": "Dr.",
    "128": "Dr.",
    "129": "Feoffer",
    "130": "TheEpicGhosty",
    "131": "Dhruvh",
    "132": "Personisgaming",
    "133": "Personisgaming",
    "134": "Devonian",
    "135": "Cartoon",
    "136": "TedEdwards",
    "137": "UpdateNerd",
    "138": "UpdateNerd",
    "139": "Sdkb",
    "140": "NelsonLee20042020",
    "141": "Sdkb",
    "142": "William",
    "143": "Benjamin.P.L",
    "144": "Francesco",
    "145": "Thorpewilliam",
    "146": "Popcornfud",
    "147": "KingOpti101",
    "148": "PackMecEng",
    "149": "DSbxgMMA",
    "150": "Koreanovsky",
    "151": "Keepcalmandchill",
    "152": "Bdushaw",
    "153": "TheGEICOgecko",
    "154": "Display",
    "155": "Supreme",
    "156": "Tristan",
    "157": "Supreme",
    "158": "Supreme",
    "159": "Mandruss",
    "160": "Tristan",
    "161": "Tristan",
    "162": "Brogo13",
    "163": "Sdkb",
    "164": "Sdkb",
    "165": "BLDM",
    "166": "Mandruss",
    "167": "BLDM",
    "168": "Space4Time3Continuum2x",
    "169": "Angus1986",
    "170": "Angus1986",
    "171": "\u2c6e",
    "172": "Scjessey",
    "173": "Scjessey",
    "174": "Emir",
    "175": "LilBillWilliams",
    "176": "LilBillWilliams",
    "177": "Fluffy89502",
    "178": "CatcherStorm",
    "179": "CatcherStorm",
    "180": "Ceedub88",
    "181": "Beyond",
    "182": "Brogo13",
    "183": "Muboshgu",
    "184": "NapoleonX",
    "185": "Space4Time3Continuum2x",
    "186": "Davefelmer",
    "187": "Hairy",
    "188": "BagInACampfire",
    "189": "X4n6",
    "190": "MelanieN",
    "191": "X4n6",
    "192": "The",
    "193": "Emir",
    "194": "American",
    "195": "Mandruss",
    "196": "Hipocrite",
    "197": "Hipocrite",
    "198": "Factfanatic1",
    "199": "Markbassett",
    "200": "Tktru",
    "201": "Bdushaw",
    "202": "\u05e4\u05bf\u05d9\u05e0\u05e6\u05d8\u05e2\u05e8\u05e0\u05d9\u05e9",
    "203": "\u05e4\u05bf\u05d9\u05e0\u05e6\u05d8\u05e2\u05e8\u05e0\u05d9\u05e9",
    "204": "Jack",
    "205": "CookieMonster755",
    "206": "Ibn",
    "207": "\u05e4\u05bf\u05d9\u05e0\u05e6\u05d8\u05e2\u05e8\u05e0\u05d9\u05e9",
    "208": "Onetwothreeip",
    "209": "MyPreferredUsernameWasTaken",
    "210": "Mandruss",
    "211": "MyPreferredUsernameWasTaken",
    "212": "Ceedub88",
    "213": "Ceedub88",
    "214": "Thomasmeeks",
    "215": "JFG",
    "216": "Bzweebl:",
    "217": "Speed74",
    "218": "Lethweimaster",
    "219": "Lethweimaster",
    "220": "Scjessey",
    "221": "Brogo13",
    "222": "JerzyA",
    "223": "EsotericJoe",
    "224": "SK2242",
    "225": "Starship.paint",
    "226": "MrX",
    "227": "MrX",
    "228": "JHunterJ:",
    "229": "Urgal",
    "230": "Starship.paint",
    "231": "Cesdeva",
    "232": "Thanoscar21",
    "233": "Nightscream",
    "234": "MyPreferredUsernameWasTaken",
    "235": "MyPreferredUsernameWasTaken",
    "236": "Mareisland03",
    "237": "Iamreallygoodatcheckers",
    "238": "Iamreallygoodatcheckers",
    "239": "Kolya",
    "240": "Kolya",
    "241": "Verdana",
    "242": "DaveTheBrave",
    "243": "Starzoner",
    "244": "RandomUserGuy1738",
    "245": "Thanoscar21",
    "246": "JFG",
    "247": "JFG",
    "248": "EditQwerty",
    "249": "Brogo13",
    "250": "Brogo13",
    "251": "Space4Time3Continuum2x",
    "252": "JLo-Watson",
    "253": "J.S.",
    "254": "Mandruss",
    "255": "Yeungkahchun",
    "256": "Yeungkahchun",
    "257": "Purplebackpack89",
    "258": "Bakir123",
    "259": "John",
    "260": "X1\\",
    "261": "JFG",
    "262": "Markbassett",
    "263": "Markbassett",
    "264": "PackMecEng",
    "265": "X1\\",
    "266": "Lorromorro",
    "267": "J4lambert",
    "268": "Llewee",
    "269": "Llewee",
    "270": "Nannochloropsis",
    "271": "Tpdwkouaa",
    "272": "Tktru",
    "273": "Tktru",
    "274": "Markbassett",
    "275": "Spy-cicle",
    "276": "ZiplineWhy:",
    "277": "Mandruss",
    "278": "Onghai1929",
    "279": "JzG",
    "280": "Wrath",
    "281": "Mandruss",
    "282": "Space4Time3Continuum2x",
    "283": "\u041d\u0421\u041d\u0423:",
    "284": "Space4Time3Continuum2x",
    "285": "Mandruss",
    "286": "Mandruss",
    "287": "SUM1",
    "288": "SUM1",
    "289": "Markbassett",
    "290": "Wikieditor19920",
    "291": "Scribatorian",
    "292": "Matt",
    "293": "Ergo",
    "294": "Ergo",
    "295": "Space4Time3Continuum2x",
    "296": "Onetwothreeip",
    "297": "Cpotisch",
    "298": "Rosguill",
    "299": "SPECIFICO",
    "300": "Davidwr",
    "301": "Mandruss:",
    "302": "Bakir123",
    "303": "Reaganomics88",
    "304": "JFG",
    "305": "Brogo13",
    "306": "Brogo13",
    "307": "Brogo13",
    "308": "PackMecEng",
    "309": "SPECIFICO",
    "310": "Rusf10",
    "311": "Tataral",
    "312": "Wrath",
    "313": "Space4Time3Continuum2x",
    "314": "Beland",
    "315": "ATC",
    "316": "PackMecEng",
    "317": "Space4Time3Continuum2x:",
    "318": "Space4Time3Continuum2x:",
    "319": "Adrianwo",
    "320": "SPECIFICO",
    "321": "Jakesyl",
    "322": "SPECIFICO",
    "323": "Davidgoodheart",
    "324": "Acekard",
    "325": "MrX",
    "326": "Alborzagros",
    "327": "Alborzagros",
    "328": "JFG",
    "329": "Soibangla"
  },
  "relation": {
    "0": 1,
    "1": 1,
    "2": 1,
    "3": 1,
    "4": 1,
    "5": 1,
    "6": 1,
    "7": 1,
    "8": 2,
    "9": 1,
    "10": 1,
    "11": 4,
    "12": 1,
    "13": 1,
    "14": 1,
    "15": 1,
    "16": 1,
    "17": 1,
    "18": 1,
    "19": 4,
    "20": 2,
    "21": 1,
    "22": 3,
    "23": 2,
    "24": 1,
    "25": 1,
    "26": 1,
    "27": 1,
    "28": 1,
    "29": 1,
    "30": 1,
    "31": 2,
    "32": 1,
    "33": 3,
    "34": 3,
    "35": 1,
    "36": 2,
    "37": 2,
    "38": 1,
    "39": 1,
    "40": 1,
    "41": 1,
    "42": 1,
    "43": 2,
    "44": 1,
    "45": 2,
    "46": 1,
    "47": 1,
    "48": 1,
    "49": 1,
    "50": 1,
    "51": 1,
    "52": 1,
    "53": 3,
    "54": 1,
    "55": 1,
    "56": 2,
    "57": 2,
    "58": 1,
    "59": 1,
    "60": 1,
    "61": 1,
    "62": 1,
    "63": 1,
    "64": 1,
    "65": 1,
    "66": 1,
    "67": 1,
    "68": 1,
    "69": 1,
    "70": 1,
    "71": 1,
    "72": 1,
    "73": 1,
    "74": 1,
    "75": 1,
    "76": 1,
    "77": 1,
    "78": 1,
    "79": 1,
    "80": 1,
    "81": 2,
    "82": 1,
    "83": 1,
    "84": 1,
    "85": 1,
    "86": 1,
    "87": 1,
    "88": 2,
    "89": 1,
    "90": 1,
    "91": 1,
    "92": 1,
    "93": 1,
    "94": 1,
    "95": 1,
    "96": 1,
    "97": 1,
    "98": 1,
    "99": 1,
    "100": 1,
    "101": 1,
    "102": 1,
    "103": 1,
    "104": 1,
    "105": 1,
    "106": 1,
    "107": 1,
    "108": 1,
    "109": 1,
    "110": 1,
    "111": 1,
    "112": 1,
    "113": 2,
    "114": 1,
    "115": 2,
    "116": 3,
    "117": 1,
    "118": 1,
    "119": 1,
    "120": 1,
    "121": 1,
    "122": 17,
    "123": 1,
    "124": 1,
    "125": 14,
    "126": 1,
    "127": 1,
    "128": 1,
    "129": 1,
    "130": 1,
    "131": 1,
    "132": 1,
    "133": 1,
    "134": 1,
    "135": 1,
    "136": 1,
    "137": 1,
    "138": 2,
    "139": 1,
    "140": 1,
    "141": 1,
    "142": 1,
    "143": 1,
    "144": 1,
    "145": 1,
    "146": 1,
    "147": 1,
    "148": 1,
    "149": 1,
    "150": 2,
    "151": 2,
    "152": 2,
    "153": 1,
    "154": 1,
    "155": 1,
    "156": 1,
    "157": 1,
    "158": 1,
    "159": 1,
    "160": 1,
    "161": 1,
    "162": 1,
    "163": 1,
    "164": 1,
    "165": 1,
    "166": 1,
    "167": 1,
    "168": 1,
    "169": 1,
    "170": 1,
    "171": 1,
    "172": 1,
    "173": 1,
    "174": 1,
    "175": 1,
    "176": 1,
    "177": 1,
    "178": 1,
    "179": 1,
    "180": 2,
    "181": 1,
    "182": 1,
    "183": 1,
    "184": 1,
    "185": 1,
    "186": 1,
    "187": 1,
    "188": 1,
    "189": 1,
    "190": 2,
    "191": 1,
    "192": 1,
    "193": 1,
    "194": 1,
    "195": 1,
    "196": 1,
    "197": 1,
    "198": 1,
    "199": 1,
    "200": 1,
    "201": 2,
    "202": 1,
    "203": 1,
    "204": 1,
    "205": 1,
    "206": 1,
    "207": 1,
    "208": 1,
    "209": 1,
    "210": 1,
    "211": 1,
    "212": 1,
    "213": 1,
    "214": 1,
    "215": 8,
    "216": 1,
    "217": 1,
    "218": 1,
    "219": 1,
    "220": 1,
    "221": 1,
    "222": 1,
    "223": 1,
    "224": 1,
    "225": 1,
    "226": 2,
    "227": 1,
    "228": 1,
    "229": 1,
    "230": 1,
    "231": 1,
    "232": 1,
    "233": 2,
    "234": 1,
    "235": 1,
    "236": 1,
    "237": 1,
    "238": 1,
    "239": 1,
    "240": 1,
    "241": 1,
    "242": 1,
    "243": 1,
    "244": 1,
    "245": 1,
    "246": 1,
    "247": 1,
    "248": 1,
    "249": 1,
    "250": 1,
    "251": 1,
    "252": 1,
    "253": 1,
    "254": 1,
    "255": 1,
    "256": 1,
    "257": 1,
    "258": 1,
    "259": 1,
    "260": 1,
    "261": 1,
    "262": 1,
    "263": 2,
    "264": 1,
    "265": 1,
    "266": 1,
    "267": 1,
    "268": 1,
    "269": 1,
    "270": 1,
    "271": 1,
    "272": 1,
    "273": 1,
    "274": 1,
    "275": 1,
    "276": 1,
    "277": 1,
    "278": 1,
    "279": 1,
    "280": 1,
    "281": 1,
    "282": 2,
    "283": 1,
    "284": 1,
    "285": 1,
    "286": 1,
    "287": 1,
    "288": 1,
    "289": 1,
    "290": 1,
    "291": 1,
    "292": 2,
    "293": 1,
    "294": 1,
    "295": 2,
    "296": 1,
    "297": 1,
    "298": 1,
    "299": 1,
    "300": 2,
    "301": 2,
    "302": 1,
    "303": 1,
    "304": 1,
    "305": 1,
    "306": 1,
    "307": 1,
    "308": 1,
    "309": 1,
    "310": 1,
    "311": 1,
    "312": 1,
    "313": 1,
    "314": 1,
    "315": 1,
    "316": 1,
    "317": 1,
    "318": 1,
    "319": 1,
    "320": 1,
    "321": 1,
    "322": 1,
    "323": 1,
    "324": 1,
    "325": 1,
    "326": 1,
    "327": 1,
    "328": 1,
    "329": 1
  }
}
